[null,{"name":"Errors","temp":"error","event-type":"37","_id":"SAGbE","actions":[{"channel":"103","varName":"1038830824142930072","message":"","buttons":[],"selectMenus":[],"attachments":[],"embeds":[{"title":"Error!","url":"","color":"","timestamp":"false","imageUrl":"","thumbUrl":"","description":"Error: ${tempVars(\"error\")}\n\n\nJS Form: ${tempVars(\"errorjs\")}\n\n<@986094035762573312>","fields":[],"author":"","authorUrl":"","authorIcon":"","footerText":"","footerIconUrl":""}],"reply":true,"ephemeral":false,"tts":false,"overwrite":false,"dontSend":false,"editMessage":"0","editMessageVarName":"","storage":"2","varName2":"delete","name":"Send Message"},{"storage":"2","varName":"986094035762573312","reason":"","name":"Delete Message"}],"temp2":"errorjs"},{"name":"Online","temp":"","event-type":"1","_id":"ZTxlh","actions":[{"channel":"103","varName":"1038830824142930072","message":"${me} is ONLINE   <@986094035762573312>","buttons":[],"selectMenus":[],"attachments":[],"embeds":[],"reply":true,"ephemeral":false,"tts":false,"overwrite":false,"dontSend":false,"editMessage":"0","editMessageVarName":"","storage":"0","varName2":"","name":"Send Message"}]}]